alpha,gamma,epsilon,epsilon_min,epsilon_decay,q_sum
0.1,0.9,1.0,0.1,0.99,56.44762363850724
0.1,0.9,1.0,0.1,0.995,76.92788352478487
0.1,0.99,1.0,0.1,0.99,105.02638083288744
0.1,0.99,1.0,0.1,0.995,96.11582167583182
0.5,0.9,1.0,0.1,0.99,488.8883787651832
0.5,0.9,1.0,0.1,0.995,518.6159031937327
